5,Top,1
5,Middle,2
5,Front,4
5,on Ground,5
7,Standing,6
7,Seated,7
8,Back,8
8,Middle,9
8,Front,10
9,Back,11
9,Front,12
10,Standing,13
10,Middle,14
10,On Floor,15
11,Back,16
11,Seated,17
12,Standing,18
12,Seated,19
13,Back,20
13,Middle,21
13,Front,22
14,Standing,23
14,Seated,24
17,Standing,25
17,Seated,26
17,,27
18,Standing,28
18,Seated,29
19,Standing,30
19,Seated,31
20,Standing,32
20,Seated,33
22,4th Row,34
22,3rd Row,35
22,2nd Row,36
22,1st Row,37
23,Standing,38
23,Seated,39
24,Standing,40
24,Seated,41
27,Standing,42
15,Standing,43
25,Standing,44
26,Standing,45
28,Back,46
28,Middle,47
28,Front,48
29,Back,49
29,Middle,50
29,Seated,51
30,Back,52
30,4th (Standing),53
30,3rd (Seated),54
30,2nd (Seated),55
30,front (mascots),56
31,Back,57
31,3rd (Standing),58
31,2nd (Seated),59
31,Front (Seated),60
32,Standing,61
32,Seated,62
33,Back,63
33,Middle,64
33,Seated,65
34,Standing,66
34,Seated,67
35,Standing,68
35,Seated,69
36,Standing,70
36,Seated (in chairs),71
36,Seated (on ground),72
37,Standing,73
37,Seated,74
38,Standing,75
38,Kneeling,76
38,Sitting,77
39,Standing,78
39,Seated,79
40,Standing,80
40,Seated,81
41,Standing,82
41,Seating,83
41,Front center: (mascot) DeMoss,84
42,Standing,85
42,Kneeling,86
43,Standing,87
43,Seated,88
44,Seated,89
44,Standing,90
45,Seated,91
45,Standing,92
46,Seated,93
46,Standing,94
47,Seated,95
47,Standing,96
48,Front,97
48,Middle (Seated),98
48,Standing,99
49,Seated,100
49,Standing,101
50,Seated,102
50,Standing,103
51,Seated,104
51,Standing,105
52,Seated,106
52,Standing,107
53,Seated,108
53,Standing,109
54,Seated,110
54,Middle,111
54,Back,112
55,Seated,113
55,Standing,114
56,Seated,115
56,Standing,116
57,Front,117
57,Middle,118
57,Standing,119
58,Seated,120
58,Standing,121
59,Seated,122
59,Standing,123
60,Seated,124
60,Standing,125
61,Seated,126
61,Standing,127
62,Seated,128
62,Standing,129
63,Seated,130
63,Middle (Jersey Numbers Fully Viewable),131
63,Back (Jersey Number Not Fully Viewable),132
64,First,133
64,Second,134
64,Third,135
64,Fourth,136
65,Front,137
65,Middle,138
65,Standing,139
66,Seated,140
66,Standing,141
67,Front,142
67,Middle,143
67,Back,144
68,Seated,145
68,Standing,146
69,Seated,147
69,Standing,148
70,Standing,149
70,Seated,150
71,Back,151
71,Middle,152
71,Front,153
72,Seated,154
72,Standing,155
73,Standing,156
73,Seated,157
74,Standing,158
74,Seated,159
75,Standing,160
75,Seated,161
16,Standing,162
21,Standing,163
27,Seated,164
77,Standing,165
78,Back,166
78,Middle,167
78,Front,168
79,Standing,169
79,Seated,170
80,Standing,171
80,Seated,172
81,Standing,173
81,Seated,174
82,Back,175
82,Middle,176
82,Seated,177
83,Standing,178
83,Seated,179
84,Standing,180
84,Seated,181
85,Back,182
85,Middle,183
85,Seated,184
86,Back,185
86,Middle,186
86,Seated,187
87,Standing,188
87,Seated,189
88,Standing,190
88,Seated,191
89,Back,192
89,Middle,193
89,Seated,194
90,Standing,195
90,Seated,196
91,Standing,197
91,Seated,198
92,Back,199
92,Middle,200
92,Seated,201
93,Standing,202
93,Seated,203
94,Standing,204
94,Seated,205
95,Back,206
95,Middle,207
95,Seated,208
96,Standing,209
96,Seated,210
97,Back,211
97,Middle,212
98,Back,213
97,Front,214
98,Middle,215
98,Front,216
99,Back,217
99,Third,218
99,Second,219
99,Front,220
100,Standing,221
100,Seated,222
101,Standing,223
101,Seated,224
102,Standing,225
102,Middle,226
102,Front,227
103,Standing,228
103,Middle,229
103,Front,230
104,Back,231
104,Middle,232
104,Seated,233
105,Standing,234
106,Standing,235
106,Seated,236
107,Standing,237
107,Seated,238
108,Standing,239
108,Middle,240
108,Front,241
109,Standing,242
109,Seated,243
110,Standing,244
110,Seated,245
111,Standing,246
111,Seated,247
112,Back,248
112,Front,249
113,Back,250
113,Middle,251
113,Front,252
114,Back,253
114,Middle,254
114,Front,255
115,Standing,256
115,Seated,257
116,Standing,258
117,Standing,259
117,Seated,260
118,Standing,261
118,Middle,262
118,Front,263
119,Standing,264
119,Seated,265
120,Standing,266
120,Seated,267
121,Standing,268
121,Middle,269
121,Front,270
122,Back,271
122,Middle,272
122,Front,273
123,Back,274
123,Third,275
123,Second,276
123,Front,277
124,Standing,278
124,Seated,279
125,Standing,280
125,Kneeling,281
126,Back,282
126,Front,283
127,Third,284
127,Second,285
127,First,286
128,Standing,287
128,Seated,288
129,Standing,289
129,Seated,290
130,First,291
130,Second,292
130,Third,293
130,Fourth,294
131,Seated,295
131,Standing,296
132,Standing,297
133,Seated,298
133,Standing,299
134,Seated,300
134,Standing,301
135,Standing,302
135,Middle,303
135,Front,304
136,First,305
136,Second,306
136,Third,307
136,Fourth,308
137,First,309
137,Second,310
137,Third,311
137,Fourth,312
138,Seated,313
138,Standing,314
139,Kneeling,315
139,Standing,316
140,Seated,317
140,Standing,318
141,Kneeling,319
141,Standing,320
142,Fourth,321
142,Third,322
142,Second,323
142,First,324
143,First,325
143,Second,326
143,Third,327
144,First,328
144,Second,329
144,Third,330
145,First,331
145,Second,332
145,Third,333
146,Seated,334
146,Standing,335
147,First,336
147,Second,337
147,Third,338
148,Standing,339
148,Kneeling,340
149,Seated,341
149,Second,342
149,Third,343
150,Semicircle,344
151,First,345
151,Second,346
151,Third,347
152,Top,348
152,Middle,349
152,Seated,350
153,Kneeling,351
153,Standing,352
154,Standing,353
154,Kneeling,354
155,Kneeling,355
155,Standing,356
156,Prone,357
156,Kneeling,358
156,Standing,359
157,Seated,360
157,Standing,361
158,Front,362
158,Second,363
158,Third,364
158,Top,365
159,Front,366
159,Second,367
159,Third,368
159,Fourth,369
160,Front,370
160,Second,371
160,Third,372
161,Front,373
161,Second,374
162,Front,375
162,Middle,376
162,Top,377
163,Front,378
163,Second,379
163,Third,380
164,Front,381
164,Second,382
164,Third,383
164,Top,384
165,Front,385
165,Second,386
166,Semicircle,387
167,Kneeling,388
167,Standing,389
168,Standing,390
169,Prone,391
169,Kneeling,392
169,Standing,393
170,Front,394
170,Second,395
170,Third,396
170,Fourth,397
171,Front,398
171,Second,399
172,Kneeling,400
172,Standing,401
173,Front,402
173,Second,403
173,Third,404
174,Kneeling,405
174,Standing,406
175,Standing,407
176,Front,408
176,Second,409
176,Third,410
176,Fourth,411
177,Semicircle,412
178,Kneeling,413
178,Standing,414
179,Seated,415
179,Standing,416
180,Front,417
180,Second,418
180,Third,419
181,Kneeling,420
181,Standing,421
182,Seated,422
182,Kneeling,423
182,Standing,424
183,Front,425
183,Second,426
183,Third,427
184,Kneeling,428
184,Standing,429
185,Front,430
185,Third,431
186,Front,432
186,Second,433
187,Kneeling,434
187,Second,435
188,Front,436
188,Second,437
188,Third,438
188,Fourth,439
189,Center,440
189,Semicircle,441
190,Front,442
190,Second,443
190,Third,444
191,Front,445
191,Second,446
191,Third,447
191,Fourth,448
192,Kneeling,449
192,Standing,450
193,Center,451
193,Semicircle,452
194,Front,453
194,Second,454
194,Third,455
195,Front,456
195,Second,457
196,Front,458
196,Second,459
196,Third,460
197,Front,461
197,Second,462
197,Third,463
198,Standing,464
199,Kneeling,465
199,Standing,466
200,Front,467
200,Second,468
200,Third,469
200,Fourth,470
201,Front,471
201,Back,472
202,Standing,473
203,Front,474
203,Second,475
203,Third,476
204,Center,477
204,Standing,478
205,Kneeling,479
205,Standing,480
206,Kneeling,481
206,Standing,482
207,Seated,483
207,Kneeling,484
207,Standing,485
208,Kneeling,486
208,Standing,487
209,Kneeling,488
209,Standing,489
210,Front,490
210,Second (seated),491
210,Standing,492
211,Front,493
211,Second,494
211,Third,495
212,Front,496
212,Second,497
212,Third,498
213,Kneeling,499
213,Standing,500
214,Kneeling,501
214,Standing,502
215,Front,503
215,Second,504
215,Third,505
216,Front,506
216,Second,507
216,Third,508
217,Standing,509
218,Kneeling,510
218,Standing,511
219,Center,512
219,Semicircle,513
220,Kneeling,514
220,Standing,515
221,Front,516
221,Second,517
222,Front,518
222,Second,519
222,Third,520
223,Front,521
223,Second,522
224,Front,523
224,Second,524
224,Third,525
225,Kneeling,526
225,Standing,527
226,Front,528
226,Second,529
227,Front,530
227,Second,531
227,Third,532
227,Fourth,533
228,Front,534
228,Second,535
229,Kneeling,536
229,Standing,537
230,Center,538
230,Semicircle,539
231,Kneeling,540
231,Standing,541
232,Seated,542
232,Standing,543
233,Front,544
233,Second,545
234,Front,546
234,Second,547
234,Third,548
235,Seated,549
235,Second,550
236,Center,551
236,Semicircle,552
237,Standing,553
238,Standing,554
238,Seated,555
239,Seated,556
239,Standing,557
240,Seated,558
240,Standing,559
241,Front,560
241,Second,561
241,Third,562
242,Front,563
242,Second,564
243,Standing,565
243,Kneeling,566
244,Front,567
244,Second,568
244,Third,569
245,Front,570
245,Second,571
245,Third,572
245,Fourth,573
246,Front,574
246,Second,575
246,Third,576
247,Front,577
247,Second,578
248,Front,579
248,Second,580
249,Front,581
249,Second,582
249,Third,583
250,Front,584
250,Second,585
250,Third,586
251,Center,587
251,Semicircle,588
252,Seated,589
252,Standing,590
253,Standing,591
253,Sneeling,592
254,Front,593
254,Second,594
254,Third,595
254,Fourth,596
255,Standing,597
256,Kneeling,598
256,Standing,599
257,Seated,600
257,Kneeling,601
257,Standing,602
258,Seated,603
258,Kneeling,604
258,Standing,605
259,Kneeling,606
259,Standing,607
260,Front,608
260,Second,609
260,Third,610
261,Seated,611
261,Second,612
261,Third,613
262,Front,614
262,Second,615
263,Front,616
263,Second,617
263,Third,618
264,Standing,619
265,Center,620
265,Rear,621
266,Front,622
266,Second,623
267,Front,624
267,Second,625
267,Third,626
267,Fourth,627
268,Standing,628
269,Kneeling,629
269,Standing,630
270,Front,631
270,Second,632
270,Third,633
270,Fourth,634
262,Third,635
271,Standing,636
272,Kneeling,637
272,Standing,638
273,Front,639
273,Second,640
273,Third,641
274,Center,642
274,Semicircle,643
275,Seated,644
275,Standing,645
276,Front,646
276,Second,647
276,Third,648
276,Fourth,649
277,Standing,650
278,Front,651
278,Back,652
279,Kneeling,653
279,Standing,654
280,Front,655
280,Second,656
280,Third,657
281,Front,658
281,Second,659
281,Third,660
282,Front,661
282,Second,662
282,Third,663
283,Seeeated,664
283,Standing,665
284,Standing,666
285,Kneeling,667
285,Standing,668
286,Seated,669
286,Standing,670
287,Front,671
287,Second,672
288,Center,673
288,Semicircle,674
289,Standing,675
290,Front,676
290,Second,677
290,Third,678
,Fourth,679
290,Fourth,680
291,First,681
291,Second,682
291,Standing,683
292,First,684
292,Second,685
292,Third,686
292,Fourth,687
293,Kneeling,688
293,Standing,689
294,Seated,690
294,Standing,691
295,Seated,692
295,Standing,693
296,Kneeling,694
296,Standing,695
297,Seated,696
297,Kneeling,697
297,Standing,698
298,Center,699
298,Standing,700
299,Kneeling,701
299,Standing,702
300,Front,703
300,Second,704
300,Third,705
301,Front,706
301,Second,707
302,Front,708
302,Second,709
302,Third,710
302,Fourth,711
303,Standing,712
304,Kneeling,713
304,Standing,714
305,Front,715
305,Second,716
305,Third,717
306,Front,718
306,Second,719
307,Standing,720
308,Center,721
308,Standing,722
309,Front,723
309,Second,724
309,Third,725
309,Fourth,726
310,First,727
310,Second,728
310,Third,729
311,Front,730
311,Second,731
311,Standing,732
312,Kneeling,733
312,Standing,734
313,Standing,735
314,Kneeling,736
314,Standing,737
315,Back,738
315,Bottom,739
316,Left to Right,740
317,Seated,741
317,Second,742
317,Third,743
318,Standing,744
318,Middle,745
318,Bottom,746
319,Top,747
319,Middle,748
319,Bottom,749
320,Front,750
320,Second,751
320,Third,752
321,Front,753
321,Second,754
321,Third,755
322,Front,756
322,Second,757
323,Front,758
323,Second,759
323,Third,760
324,Front,761
324,Second,762
325,Front,763
325,Second,764
326,Standing,765
327,Front,766
327,Second,767
327,Third,768
327,Fourth,769
328,Front,770
328,Second,771
329,Front,772
329,Second,773
330,First,774
330,Second,775
330,Third,776
331,Front,777
331,Second,778
331,Third,779
332,Kneeling,780
332,Standing,781
333,First,782
333,Second,783
334,Seated,784
334,Standing,785
335,Front,786
335,Middle,787
335,Back,788
336,Seated,789
336,Standing,790
337,First,791
337,Second,792
337,Third,793
338,Kneeling,794
338,Standing,795
339,Kneeling,796
339,Standing,797
340,Kneeling,798
340,Standing,799
341,First,800
341,Second,801
341,Third,802
341,Fourth,803
342,Standing,804
343,Standing,805
343,Seated,806
344,Seated,807
344,Standing,808
345,Kneeling,809
345,Standing,810
346,Kneeling,811
346,Standing,812
347,Front,813
347,Middle,814
347,Back,815
348,First,816
348,Second,817
348,Third,818
349,Front,819
349,Middle,820
349,Back,821
350,Front,822
350,Middle,823
350,Back,824
351,Standing,825
352,Standing,826
353,Kneeling,827
353,Standing,828
354,Front,829
354,Middle,830
354,Back,831
355,Kneeling,832
355,Standing,833
356,First,834
356,Second,835
356,Third,836
357,Front,837
357,Second,838
357,Third,839
358,Front,840
358,Second,841
358,Third,842
359,Kneeling,843
359,Standing,844
360,Front,845
360,Second,846
360,Third,847
361,Kneeling,848
362,Standing,849
363,Standing,850
364,Front,851
364,Second,852
364,Third,853
364,Fourth,854
365,Front,855
365,Second,856
365,Third,857
366,Bottom,858
366,Second,859
366,Top,860
367,Bottom,861
367,Top,862
368,Bottom,863
368,Top,864
369,Bottom,865
369,Top,866
370,Bottom,867
370,Top,868
371,Bottom,869
371,Top,870
372,Bottom,871
372,Second,872
372,Third,873
373,Front,874
373,Middle,875
373,Back,876
374,Kneeling,877
374,Standing,878
375,Standing,879
376,Bottom,880
376,Second,881
376,Third,882
376,Fourth,883
377,Kneeling,884
377,Standing,885
378,Kneeling,886
378,Standing,887
379,First,888
379,Second,889
379,Third,890
380,Front,891
380,Back,892
381,Seated,893
381,Kneeling,894
381,Standing,895
382,Front,896
382,Back,897
383,Kneeling,898
383,Standing,899
384,Standing,900
385,Front,901
385,Standing,902
386,Kneeling,903
386,Seated,904
386,Standing,905
387,Kneeling,906
387,Standing,907
388,Standing,908
389,Standing,909
389,Front,910
390,First,911
390,Second,912
390,Third,913
391,Standing,914
391,Kneeling,915
392,Front,916
392,Second,917
393,First,918
393,Second,919
393,Third,920
394,Bak,921
394,Center,922
394,Front,923
395,Standing,924
395,Kneeling,925
396,Back,926
396,Front,927
397,Back,928
397,Center,929
397,Front,930
398,Back,931
398,Front,932
399,Back,933
399,Front,934
400,Back,935
400,Front Semicircle,936
400,Front & Center,937
401,Back,938
401,Fourth,939
401,Third,940
401,Second,941
401,Front,942
402,Standing,943
402,Kneeling,944
403,Back,945
403,Center,946
403,Front,947
404,Back,948
404,Front,949
405,Kneeling,950
405,Standing,951
406,Front,952
406,Second,953
406,Third,954
407,Seated,955
407,Second,956
407,Third,957
408,Front,958
408,Middle,959
408,Back,960
409,Front,961
409,Second,962
410,Front,963
410,Second,964
411,Seated,965
411,Second,966
411,Third,967
412,Kneeling,968
412,Standing,969
413,Kneeling,970
413,Standing,971
414,Front,972
414,Middle,973
414,Third,974
415,1,975
415,2,976
416,Front,977
416,Second,978
416,Third,979
417,Kneeling,980
417,Standing,981
418,Kneeling,982
418,Standing,983
419,Seated,984
419,Second,985
419,Third,986
420,Standing,987
421,In The Water,988
421,Seated,989
422,Kneeling,990
422,Standing,991
423,First,992
423,Second,993
423,Third,994
423,Fourth,995
424,Seated,996
424,Kneeling,997
424,Standing,998
425,Front,999
425,Second,1000
426,Seated,1001
426,Kneeling,1002
426,Standing,1003
427,Front,1004
427,Second,1005
427,Third,1006
427,Fourth,1007
427,Top,1008
428,Kneeling,1009
428,Standing,1010
429,Kneeling,1011
429,Standing,1012
430,Seated,1013
430,Standing,1014
431,Seated,1015
431,Standing,1016
432,Standing,1017
432,Kneeling,1018
433,Front,1019
433,Middle,1020
433,Back,1021
434,Kneeling,1022
434,Standing,1023
435,Kneeling,1024
435,Standing,1025
436,Front,1026
436,Middle,1027
436,Back,1028
437,Top,1029
437,Second,1030
437,First,1031
438,Top,1032
438,Second,1033
438,Third,1034
438,Fourth,1035
439,Top,1036
439,Second,1037
439,Third,1038
439,Fourth,1039
439,Fifth,1040
440,Top,1041
440,Second,1042
440,Third,1043
441,Standing,1044
441,Seated,1045
442,Standing,1046
442,On Board,1047
442,On Blocks,1048
443,Standing,1049
443,Kneeling,1050
444,Standing,1051
444,Seated,1052
445,Standing,1053
445,Kneeling,1054
446,Standing,1055
446,Kneeling,1056
447,Standing,1057
448,Top,1058
448,Center,1059
448,Front,1060
449,Top,1061
449,Top,1062
449,Third,1063
449,Second,1064
449,Front,1065
450,Standing,1066
450,Seated,1067
451,Standing,1068
451,Seated,1069
452,Back,1070
452,Front,1071
453,Top,1072
453,Middle,1073
453,Front,1074
454,Top,1075
454,Middle,1076
454,Front,1077
455,Standing,1078
455,Kneeling,1079
456,Standing,1080
456,Seated,1081
457,Standing,1082
457,Kneeling,1083
458,Back,1084
458,Middle,1085
458,Front,1086
459,Standing,1087
460,Front,1088
460,Second,1089
460,Back,1090
461,Front,1091
461,Second,1092
461,Third,1093
461,Back,1094
462,Front,1095
462,Back,1096
463,Front,1097
463,Back,1098
464,Front,1099
464,Back,1100
465,Front,1101
465,Standing,1102
466,Front,1103
466,Back,1104
467,Front,1105
467,Second,1106
467,Back,1107
468,Front,1108
468,Second,1109
468,Back,1110
469,Kneeling,1111
469,Standing,1112
470,Front,1113
470,Back,1114
471,Front,1115
471,Back,1116
472,Front,1117
472,Second,1118
472,Back,1119
473,Standing,1120
473,Sitting,1121
474,Standing,1122
474,Kneeling,1123
475,Standing,1124
475,Kneeling,1125
476,Standing,1126
476,Kneeling,1127
477,Standing,1128
477,Kneeling,1129
477,Sitting,1130
478,First,1131
478,Second,1132
479,Standing,1133
480,Front,1134
480,Back,1135
481,Seated,1136
481,Kneeling,1137
481,Standing,1138
482,Kneeling,1139
482,Standing,1140
483,First,1141
483,Second,1142
483,Third,1143
484,First,1144
484,Second,1145
485,First,1146
485,Second,1147
485,Third,1148
486,1,1149
486,2,1150
486,3,1151
487,Front,1152
487,Second,1153
487,Back,1154
488,Front,1155
488,Second,1156
488,Third,1157
490,Top,1158
490,Middle,1159
490,Bottom,1160
491,Standing,1161
491,Kneeling,1162
491,Sitting,1163
492,Standing,1164
493,Standing,1165
493,Sitting,1166
494,Standing,1167
494,Kneeling,1168
495,Standing,1169
495,Kneeling,1170
496,Standing,1171
496,Sitting,1172
497,Standing,1173
497,Sitting,1174
498,Standing,1175
498,Kneeling,1176
499,Standing,1177
499,Kneeling,1178
489,First,1179
489,Second,1180
500,First,1181
500,Second,1182
501,Back,1183
501,Front,1184
502,Seated,1185
502,Standing,1186
503,Kneeling,1187
503,Standing,1188
504,1,1189
504,2,1190
504,Diving Board,1191
505,First,1192
505,Second,1193
505,Third,1194
506,First,1195
506,Second,1196
507,Standing,1197
508,Seated,1198
508,Kneeling,1199
508,Standing,1200
509,Standing,1201
509,Kneeling,1202
510,Standing,1203
510,Kneeling,1204
510,Seated,1205
511,Bottom,1206
511,Middle,1207
511,Top,1208
512,Standing,1209
512,Kneeling,1210
513,Kneeling,1211
513,Standing,1212
514,Seated,1213
514,Kneeling,1214
514,Standing,1215
515,Kneeling,1216
515,Standing,1217
516,First,1218
516,Second,1219
517,Front,1220
517,Second,1221
517,Third,1222
518,Kneeling,1223
518,Seated,1224
518,Standing,1225
519,Front,1226
519,Second,1227
520,Kneeling,1228
520,Standing,1229
521,First,1230
521,Second,1231
522,Seated,1232
522,Kneeling,1233
522,Standing,1234
523,Kneeling,1235
523,Standing,1236
524,Seated,1237
524,Kneeling,1238
524,Standing,1239
525,Front,1240
525,Middle,1241
525,Back,1242
526,Kneeling,1243
526,Standing,1244
527,First,1245
527,Second,1246
528,Front,1247
528,Middle,1248
529,Front Row,1249
528,Back,1250
530,Front,1251
530,Middle,1252
530,Back,1253
531,First,1254
531,Second,1255
531,Third,1256
532,Standing,1257
533,Seated,1258
533,Standing,1259
534,Standing,1260
535,Front,1261
535,Middle,1262
535,Back,1263
536,Seated,1264
536,Standing,1265
537,Bottom,1266
537,Middle,1267
537,Top,1268
538,Seated,1269
538,Standing,1270
539,Kneeling,1271
539,Standing,1272
540,Standing,1273
540,Kneeling,1274
541,Standing,1275
541,Kneeling,1276
541,Sitting,1277
542,Standing,1278
542,Sitting,1279
543,Standing,1280
544,Front Row,1281
544,Back Row,1282
545,Sitting,1283
545,Standing,1284
546,Sitting,1285
546,Middle Row,1286
546,Top Row,1287
547,First Row,1288
547,Second Row,1289
547,Third Row,1290
548,kneeling,1291
548,Standing,1292
549,Front Row,1293
549,Back Row,1294
549,Standing,1295
549,Sitting,1296
549,Front Row,1297
549,Back Row,1298
550,Top Row,1299
550,Middle Row,1300
550,Front Row,1301
551,Standing,1302
551,Kneeling,1303
552,Standing,1304
552,Kneeling,1305
552,Sitting,1306
553,Standing,1307
553,Kneeling,1308
554,Standing,1309
554,Kneeling,1310
554,Sitting,1311
555,Standing,1312
555,Sitting,1313
556,Standing,1314
556,Sitting,1315
557,Standing,1316
558,Standing,1317
558,Sitting,1318
559,Front Row,1319
559,Back Row,1320
559,Front Row,1321
559,Middle Row,1322
559,Back Row,1323
560,Front Row,1324
560,Back Row,1325
561,Standing,1326
561,Kneeling,1327
562,Front Row,1328
562,Back Row,1329
562,Front Row,1330
562,Middle Row,1331
562,Top Row,1332
563,Standing,1333
563,Sitting,1334
564,Front,1335
564,Second,1336
564,Back,1337
565,Front,1338
565,Second,1339
565,Back,1340
566,Standing,1341
566,Seated,1342
567,Standing,1343
568,Front,1344
568,Middle,1345
568,Back,1346
569,Front,1347
569,Back,1348
570,Front,1349
570,Second,1350
570,Back,1351
571,Front,1352
571,Back,1353
572,Standing,1354
573,Front,1355
573,Back,1356
574,Standing,1357
575,Front,1358
575,Back,1359
576,Front,1360
576,Back,1361
577,Standing,1362
577,Kneeling,1363
577,Seated,1364
578,Front,1365
578,Second,1366
578,Back,1367
579,Front,1368
579,Back,1369
580,Front,1370
580,Back,1371
581,Front,1372
581,Back,1373
582,Front,1374
582,Standing,1375
583,Front,1376
583,Middle,1377
583,Back,1378
584,Kneeling,1379
584,Standing,1380
585,Kneeling,1381
585,Standing,1382
586,Kneeling,1383
586,Standing,1384
587,Front,1385
588,Back,1386
588,Middle,1387
588,Front,1388
589,Standing,1389
589,Kneeling,1390
589,Sitting,1391
590,Standing,1392
591,Standing,1393
591,Kneeling,1394
592,Back,1395
592,Kneeling,1396
593,Standing,1397
593,Kneeling,1398
594,Standing,1399
594,Sitting,1400
595,Back,1401
595,Standing,1402
595,Sitting,1403
596,Standing,1404
596,Sitting,1405
597,Standing,1406
597,Kneeling,1407
598,Standing,1408
598,Kneeling,1409
599,Standing,1410
599,Sitting,1411
600,Standing,1412
600,Sitting,1413
601,Standing,1414
601,Kneeling,1415
602,Standing,1416
602,Kneeling,1417
603,Back,1418
603,Standing,1419
604,Standing,1420
604,Sitting,1421
605,Standing,1422
605,Sitting,1423
606,Back,1424
606,Front,1425
607,Standing,1426
608,Back,1427
608,Standing,1428
608,Kneeling,1429
609,Standing,1430
609,Kneeling,1431
610,Standing,1432
610,Sitting,1433
611,Standing,1434
611,Kneeling,1435
612,Standing,1436
612,Kneeling,1437
613,Standing,1438
613,Kneeling,1439
613,Sitting,1440
587,Second,1441
587,Third,1442
587,Back,1443
614,Seated,1444
614,Kneeling,1445
614,Standing,1446
615,Seated,1447
615,Standing,1448
616,Seated,1449
616,Standing,1450
617,In Water,1451
617,Seated,1452
618,Seated,1453
618,Standing,1454
619,Squatted,1455
619,Standing,1456
620,Seated,1457
620,Standing,1458
621,Standing,1459
622,Front,1460
622,Standing,1461
623,Seated,1462
623,Standing,1463
624,Seated,1464
624,Standing,1465
625,Front,1466
625,Middle,1467
625,Back,1468
626,Kneeling,1469
626,Standing,1470
627,Kneeling,1471
627,Standing,1472
628,Seated,1473
628,Kneeling,1474
628,Standing,1475
629,Seated,1476
629,Kneeling,1477
629,Standing,1478
630,Kneeling,1479
630,Standing,1480
631,Kneeling,1481
631,Standing,1482
632,Front,1483
632,Back,1484
633,Kneeling,1485
633,Standing,1486
634,Standing,1487
635,Front,1488
635,Middle,1489
635,Back,1490
636,Front,1491
636,Back,1492
637,Front,1493
637,Middle,1494
637,Back,1495
638,Front,1496
638,Middle,1497
638,Back,1498
639,Front,1499
639,Middle,1500
639,Back,1501
640,Front,1502
640,Back,1503
641,Front,1504
641,Back,1505
642,Front,1506
642,Middle,1507
642,Back,1508
643,Standing,1509
644,Front,1510
644,Middle,1511
644,Back,1512
645,Kneelings,1513
646,Kneeling,1514
646,Standing,1515
647,Front,1516
647,Back,1517
5189,Roster,5437
5190,Roster,5438
5191,Roster,5439
5192,Roster,5440
5193,Roster,5441
5194,Roster,5442
5195,Roster,5443
5196,Roster,5444
5197,Roster,5445
5198,Roster,5446
5199,Front,5447
5199,Second,5448
5199,Back Row,5449
5200,Standing,5450
5200,Kneeling,5451
5201,Standing,5452
5201,Kneeling,5453
5201,Missing,5454
5202,Standing,5455
5203,First,5456
5203,Second,5457
5203,Missing,5458
5204,Kneeling,5459
5204,Second,5460
5204,Third,5461
5205,Standing,5462
5205,Sitting,5463
5206,Back,5464
5206,Kneeling,5465
5207,First,5466
5207,Second,5467
5207,Third,5468
5207,Fourth,5469
5207,Fifth,5470
5207,Coaching Staff,5471
5208,Kneeling,5472
5208,Second,5473
5208,Third,5474
5209,Kneeling,5475
5209,Standing,5476
5210,First,5477
5210,Second,5478
5210,Third,5479
5210,Fourth,5480
5210,Fifth,5481
5210,Sixth Row,5482
5211,Front,5483
5211,Back,5484
5212,Front,5485
5212,Back,5486
5212,Missing,5487
5213,Left to Right,5488
5214,Left to Right,5489
5214,Missing,5490
5215,Front,5491
5215,Back,5492
5216,Front,5493
5216,Back,5494
5217,Front,5495
5217,Back,5496
5218,Front,5497
5218,Back,5498
5219,First,5499
5219,Second,5500
5219,Third,5501
5219,Missing,5502
5220,Front,5503
5220,Back,5504
5221,Top,5505
5221,Second,5506
5221,Third,5507
5221,Front,5508
5222,Front,5509
5222,Back,5510
5223,Second,5511
5223,Front,5512
5224,Sitting,5513
5224,Kneeling,5514
5224,Standing,5515
5225,Second,5516
5225,First,5517
5226,Back,5518
5226,Front,5519
5227,Left to Right,5520
5227,Missing,5521
5228,Second,5522
5228,First,5523
5229,Back,5524
5229,Front,5525
5230,Second,5526
5230,First,5527
5231,Back,5528
5231,Kneeling,5529
5231,Front,5530
5232,First,5531
5232,Second,5532
5232,Third,5533
5232,Back,5534
5233,Second,5535
5233,First,5536
5234,Fourth,5537
5234,Third,5538
5234,Second,5539
5234,First,5540
5235,Back,5541
5235,Kneeling,5542
5235,Front,5543
5236,Standing,5544
5236,Kneeling,5545
5236,Sitting,5546
5237,Top,5547
5237,Third,5548
5237,Second,5549
5237,Kneeling,5550
5238,Back,5551
5238,Front,5552
5239,Left to Right,5553
5240,Top,5554
5240,Front,5555
5241,Back,5556
5241,Front,5557
5242,Back,5558
5242,Front,5559
5243,Back,5560
5243,Front,5561
5244,Standing,5562
5244,Kneeling,5563
5245,Back,5564
5245,Front,5565
5246,Back,5566
5246,Front,5567
5247,Standing,5568
5247,Kneeling,5569
5247,,5570
5248,Back,5571
5248,Fourth,5572
5248,Third,5573
5248,Second,5574
5248,Front,5575
5249,Standing,5576
5249,Kneeling,5577
5250,Back,5578
5250,Front,5579
5251,Back,5580
5251,Front,5581
5252,Back,5582
5252,Standing,5583
5252,Kneeling,5584
5252,Sitting,5585
5253,Back,5586
5253,Front,5587
5254,Left to Right,5588
5255,Back,5589
5255,Front,5590
5256,Back,5591
5256,Front,5592
5257,Stairs,5593
5257,Standing,5594
5257,Sitting,5595
5258,Stairs,5596
5258,Standing,5597
5258,Kneeling,5598
5259,Standing,5599
5259,Kneeling,5600
5260,Back,5601
5260,Front,5602
5261,Standing,5603
5261,Kneeling,5604
5261,Sitting,5605
5262,Back,5606
5262,Middle,5607
5262,Front,5608
5263,Front,5609
5263,Back,5610
5264,Front,5611
5264,Back,5612
5265,Front,5613
5265,Second,5614
5265,Back,5615
5266,Front,5616
5266,Back,5617
5267,Kneeling,5618
5267,Standing,5619
5268,Front,5620
5268,Back,5621
5269,Front,5622
5269,Back,5623
5270,Left to Right,5624
5271,Front,5625
5271,Back Row,5626
5272,Sitting,5627
5272,Kneeling,5628
5272,Standing,5629
5273,Front,5630
5273,Middle,5631
5273,Back,5632
5274,Front,5633
5274,Back,5634
5275,Front,5635
5275,Back,5636
5276,Front,5637
5276,Back,5638
,Fourth,10679
10405,Standing,10950
10405,Sitting,10951
10406,Top,10952
10406,Second,10953
10406,Third,10954
10407,Standing,10955
10407,Kneeling,10956
10408,Standing,10957
10408,Kneeling,10958
10409,Top,10959
10409,Second,10960
10409,Third,10961
10410,Top,10962
10410,Second,10963
10410,Third,10964
10411,Standing,10965
10411,Sitting,10966
10412,Standing,10967
10413,3rd,10968
10413,2nd,10969
10413,1st,10970
10414,Back,10971
10414,Front,10972
10415,Standing,10973
10415,Seated,10974
10416,4th,10975
10416,3rd,10976
10416,2nd,10977
10416,1st,10978
10417,Standing,10979
10417,Seated,10980
10418,Standing,10981
10419,Back,10982
10419,Front,10983
10420,Standing,10984
10420,Seated,10985
10421,Standing,10986
10421,Kneeling,10987
10421,Seated,10988
10422,Standing,10989
10422,6th,10990
10422,5th,10991
10422,4th,10992
10422,3rd,10993
10422,2nd,10994
10423,4th,10995
10423,3rd,10996
10423,2nd,10997
10423,1st,10998
10424,Front,10999
10424,Back,11000
10425,Standing,11001
10425,Kneeling,11002
